R_eff,e
10.9842220566029,0.388632159623989
12.4227192654943,0.4116557310309
12.6465709677645,0.246663560092273
12.9751093322112,0.435093562951194
8.20617579699318,0.286195519763539
14.1144628656835,0.497806179810199
9.62260027391493,0.335123623376905
11.2367672166946,0.406109564837449
12.3092669279114,0.358585200437778
10.8557465216379,0.361051542924351
10.8557465216379,0.346564778855474
11.9624557412951,0.469950008645322
14.0147122817434,0.534014355655662
9.32644802366514,0.432611365044251
10.1891139270492,0.354695181407495
12.4227192654943,0.191164671767523
9.76730964381993,0.510883141460089
10.4608569248376,0.315725418176205
11.8445956332723,0.444874277046028
9.17478779544341,0.32248711067092
15.7136370704185,0.615880358493873
15.1684864142923,0.562191435356568
11.3609347823536,0.35569914562463
12.5351448175118,0.500500474713265
11.8445956332723,0.323907904387006
10.9842220566029,0.454791207885214
11.8445956332723,0.465502759657019
14.8884275583569,0.217928027955863
10.0504796388868,0.395746758768816
7.10675110939562,0.422687587085572
9.17478779544341,0.32248711067092
9.76730964381993,0.367332417293319
12.5351448175118,0.269921944509552
10.8557465216379,0.222943185123707
10.4608569248376,0.299863936435864
10.0504796388868,0.395746758768816
10.1891139270492,0.440343363563112
14.5066077555575,0.465112908546898
10.9842220566029,0.284000747500787
13.400636879256,0.337053745128383
14.0147122817434,0.452068677982709
9.32644802366514,0.484530666421251
11.6052851073256,0.270051664996154
9.47568120954043,0.399423927280541
13.7111070085504,0.484602957889356
8.37539389269942,0.330769482728116
8.86368590361803,0.328927124883176
11.3609347823536,0.3899445314255
14.7938964953027,0.557454098281755
9.62260027391493,0.418634462433556
10.5941223916204,0.414727791542775
11.6052851073256,0.544709517345405
10.0504796388868,0.27856001262659
10.9842220566029,0.282153262144903
12.7570239040857,0.240780865342485
8.70396611616147,0.242481550987384
13.8130502441217,0.271569913157003
12.0791659070133,0.34534092246785
15.0757115405496,0.482183969177649
7.10675110939562,0.338707287743886
12.3092669279114,0.314024914204632
10.3258870933735,0.37015655975263
10.8557465216379,0.26287239779934
10.3258870933735,0.346727299397023
11.1112121676923,0.27203880196311
12.4227192654943,0.347721473347971
12.1947591471035,0.324942538998484
9.32644802366514,0.233728169849402
9.62260027391493,0.468315695304735
14.5066077555575,0.586764426601398
11.1112121676923,0.401950414002348
11.4837598710354,0.42840559722319
8.20617579699318,0.31238819844136
7.10675110939562,0.338707287743886
11.7255509068454,0.314037400781357
14.5066077555575,0.310868027863207
10.1891139270492,0.448574681374201
9.76730964381993,0.527703614661421
10.9842220566029,0.284000747500787
11.6052851073256,0.258612270221863
11.3609347823536,0.476852997716628
12.0791659070133,0.620718875370012
10.3258870933735,0.37015655975263
12.3092669279114,0.508214832428125
6.90651936102302,0.206331734316271
10.8557465216379,0.346564778855474
10.8557465216379,0.331379347362145
10.4608569248376,0.284853923155154
11.8445956332723,0.33051933058211
10.5941223916204,0.489423891073702
12.6465709677645,0.542470226946777
9.17478779544341,0.32248711067092
7.85681347097768,0.303397773895955
12.6465709677645,0.439678289987266
14.4095720591172,0.757649638026224
13.295531848067,0.359733303163944
9.90990612089579,0.456531753155637
9.17478779544341,0.427675582586716
13.295531848067,0.415090994523821
12.6465709677645,0.348332679752088
12.4227192654943,0.409669798149601
13.6084001173249,0.417613155699523
10.7257321845803,0.501740990887099
8.86368590361803,0.168399943364797
13.0827888399051,0.451033763871088
14.9823621904942,0.558544822139728
8.20617579699318,0.305076768609593
9.90990612089579,0.330920179953061
12.7570239040857,0.251541036016477
11.1112121676923,0.502889356790422
14.3118784679084,0.278640602131769
14.8884275583569,0.286764869658696
10.5941223916204,0.323797516104723
11.1112121676923,0.286651948434509
10.9842220566029,0.318823014525964
14.4095720591172,0.581241476057884
12.4227192654943,0.496714323975357
9.76730964381993,0.265474583559034
13.6084001173249,0.428783178045757
9.76730964381993,0.278112761251069
11.4837598710354,0.426833541869956
11.9624557412951,0.226572918532806
6.48754239992045,0.34662295572148
10.4608569248376,0.470867511479681
11.9624557412951,0.484141213667671
14.0147122817434,0.340163305751512
11.4837598710354,0.359606241688753
13.8130502441217,0.227625726802993
15.1684864142923,0.688859983206718
10.5941223916204,0.555814440622289
10.5941223916204,0.491921924178197
11.7255509068454,0.683409490864986
11.2367672166946,0.428585786409927
9.76730964381993,0.354912875335239
10.8557465216379,0.207114482297937
6.03956977750446,0.596063038588886
10.4608569248376,0.426930972552981
11.7255509068454,0.45906823578983
7.10675110939562,0.338707287743886
10.0504796388868,0.395746758768816
12.0791659070133,0.348740661352796
15.5340460501252,0.625144123566112
10.8557465216379,0.375235627349143
10.4608569248376,0.296655325185522
12.7570239040857,0.469020173504447
11.6052851073256,0.521024876214413
10.5941223916204,0.518542378737954
10.7257321845803,0.465696185612175
10.4608569248376,0.267193528630418
7.85681347097768,0.303397773895955
10.7257321845803,0.298022972842567
10.8557465216379,0.419495235008694
12.7570239040857,0.384452530830871
8.03339402522038,0.436530472218203
11.3609347823536,0.434141416334765
9.17478779544341,0.310415977448116
11.9624557412951,0.380751607152525
13.5049121473077,0.276083923708065
10.3258870933735,0.406891709685983
13.8130502441217,0.535897004528033
8.20617579699318,0.459519980500337
14.9823621904942,0.429028384089497
13.6084001173249,0.243935895642622
10.9842220566029,0.422161914064836
12.1947591471035,0.463218329657012
10.7257321845803,0.053287771868109
5.80265626765203,0.344706095571096
4.43185192972089,0.253951744299972
12.0791659070133,0.674445011449886
10.8557465216379,0.349872998310096
11.1112121676923,0.256118311866453
14.4095720591172,0.420753482246988
11.1112121676923,0.507324105949949
11.3609347823536,0.3899445314255
12.5351448175118,0.323897544342211
9.02057811033789,0.246067223743793
13.6084001173249,0.484458911704974
11.2367672166946,0.386741699831014
11.7255509068454,0.490222546045926
6.03956977750446,0.359203665668452
13.8130502441217,0.332912091184297
14.9823621904942,0.734666352516579
11.3609347823536,0.332050890698798
10.0504796388868,0.395746758768816
9.76730964381993,0.434891521185079
13.189589283835,0.36617418427554
9.02057811033789,0.245006010068948
12.5351448175118,0.453567444760226
11.8445956332723,0.328297756681563
6.70030656294737,0
12.7570239040857,0.327486401073124
6.90651936102302,0.456479562502295
9.62260027391493,0.256970710330304
13.189589283835,0.475291708313391
11.8445956332723,0.369371032956629
13.295531848067,0.23463571908948
6.90651936102302,0.456479562502295
11.7255509068454,0.506176909048505
9.47568120954043,0.337414580664475
10.5941223916204,0.341556367685629
11.6052851073256,0.328448238387589
10.0504796388868,0.251625750511695
15.1684864142923,0.658043630953735
9.32644802366514,0.520932857048066
12.4227192654943,0.442540456763418
7.67617198029241,0.46918258488355
10.5941223916204,0.228072966008095
13.0827888399051,0.277609648699324
6.03956977750446,0.487763100674014
7.10675110939562,0.347281357444472
10.3258870933735,0.325495821593774
12.4227192654943,0.256778792638136
11.6052851073256,0.329789453353924
10.8557465216379,0.207114482297937
13.7111070085504,0.409299648134552
14.7938964953027,0.401894190467796
13.189589283835,0.336053596057269
7.67617198029241,0.373739221003868
8.86368590361803,0.396153881934341
12.4227192654943,0.574672108149602
10.9842220566029,0.325523264208593
10.7257321845803,0.439841567542477
12.1947591471035,0.3555125992804
12.866528690215,0.347990384542941
9.17478779544341,0.32248711067092
10.5941223916204,0.31166392259254
11.1112121676923,0.313370278718516
11.8445956332723,0.18053503855296
14.0147122817434,0.428772441678254
12.6465709677645,0.487387087674272
13.5049121473077,0.3566763433489
11.6052851073256,0.329789453353924
9.62260027391493,0.256970710330304
8.86368590361803,0.396153881934341
6.90651936102302,0.456479562502295
11.9624557412951,0.468707691439738
9.02057811033789,0.245006010068948
11.9624557412951,0.380751607152525
9.90990612089579,0.338600928353883
12.3092669279114,0.389715151292697
11.7255509068454,0.45906823578983
12.1947591471035,0.353037630449106
10.8557465216379,0.207114482297937
9.62260027391493,0.31853231861812
11.4837598710354,0.433318441883792
14.8884275583569,0.319511465169476
9.17478779544341,0.157341894181441
10.7257321845803,0.345456659510759
14.5066077555575,0.36655664813987
11.8445956332723,0.257687609534013
11.6052851073256,0.347386120909639
14.8884275583569,0.424070473416103
8.86368590361803,0.303859907245168
9.02057811033789,0.42104039303745
12.3092669279114,0.352611405234882
13.9142466089019,0.44030668746781
10.8557465216379,0.509597201794128
9.62260027391493,0.319480745623621
5.80265626765203,0.395916008363028
10.5941223916204,0.399753341495766
13.6084001173249,0.21268726516915
11.4837598710354,0.499443317277973
12.1947591471035,0.356366239855014
10.4608569248376,0.507581918190062
9.17478779544341,0.32248711067092
9.17478779544341,0.32248711067092
12.7570239040857,0.335730629744081
12.1947591471035,0.600036078684363
13.5049121473077,0.388893490834336
11.4837598710354,0.496548936723105
8.86368590361803,0.354949038236128
8.70396611616147,0.416917217901977
8.70396611616147,0.330602348318146
9.76730964381993,0.335966775231998
8.03339402522038,0.341130813160199
10.8557465216379,0.494769309748206
11.8445956332723,0.266237039981918
9.47568120954043,0.221671271970642
10.7257321845803,0.094394595749445
12.9751093322112,0.665421400555746
13.9142466089019,0.217992009572914
11.9624557412951,0.456545779266915
15.2606972890259,0.727837523854454
8.86368590361803,0.484589314278878
11.6052851073256,0.530446288663658
11.3609347823536,0.475718881935452
13.8130502441217,0.518602598582695
13.9142466089019,0.448404235397138
14.1144628656835,0.310652241484053
14.9823621904942,0.470268165010606
10.7257321845803,0.298022972842567
7.10675110939562,0.422687587085572
9.90990612089579,0.300843255035686
9.62260027391493,0.429099682038675
10.9842220566029,0.477358235672742
8.20617579699318,0.426225129342446
10.7257321845803,0.402192030458167
11.1112121676923,0.166529798410698
6.90651936102302,0.416022104036241
13.0827888399051,0.502053295134272
9.17478779544341,0.33438457756205
13.295531848067,0.273760552870882
11.8445956332723,0.343109353630545
13.7111070085504,0.207754361846469
12.9751093322112,0.326407493518256
11.1112121676923,0.418213967416689
8.37539389269942,0.274541680493797
14.8884275583569,0.326621308444959
14.7938964953027,0.660088222790377
9.17478779544341,0.440400319630314
9.90990612089579,0.312384948146067
10.5941223916204,0.435361262585328
12.5351448175118,0.48053007659333
10.1891139270492,0.440343363563112
12.9751093322112,0.606032693265407
10.8557465216379,0.474040176286651
14.2135134162342,0.383033626738335
8.54126012392649,0.393801521579872
10.9842220566029,0.510820538242201
15.8026672314373,0.460596674419872
13.0827888399051,0.460240142427324
8.20617579699318,0.426225129342446
7.10675110939562,0.422687587085572
13.5049121473077,0.377556083399951
11.8445956332723,0.369371032956629
13.9142466089019,0.310582139216285
13.7111070085504,0.240566018093382
10.1891139270492,0.343924452637116
10.8557465216379,0.222943185123707
11.1112121676923,0.385891592921999
8.20617579699318,0.433638288631551
14.1144628656835,0.419342589188425
13.5049121473077,0.560564250230294
11.3609347823536,0.363565540753005
10.7257321845803,0.269667838956741
10.7257321845803,0.094394595749445
11.2367672166946,0.432856351389959
12.9751093322112,0.38755048946269
8.03339402522038,0.089078796164435
9.76730964381993,0.306884069173201
12.9751093322112,0.407666079480048
9.02057811033789,0.439316575974782
10.8557465216379,0.264414750212054
14.1144628656835,0.426022036960412
12.0791659070133,0.350144123602327
9.02057811033789,0.458183917592322
12.4227192654943,0.375510247111618
11.3609347823536,0.365133410558447
11.1112121676923,0.305088619553427
10.1891139270492,0.278849122602616
10.7257321845803,0.366121248153966
9.76730964381993,0.432899455027792
8.54126012392649,0.272957558399247
11.4837598710354,0.360758921035413
12.9751093322112,0.541698642254595
12.1947591471035,0.287448174514522
10.3258870933735,0.514628649786363
14.4095720591172,0.334421593927911
8.37539389269942,0.227211147457048
11.6052851073256,0.231178359266209
12.9751093322112,0.376558591699894
11.3609347823536,0.397888804145489
11.7255509068454,0.189318233299868
10.4608569248376,0.336892033585429
14.8884275583569,0.301554785495941
9.62260027391493,0.333741260320215
11.7255509068454,0.405084642082938
14.5066077555575,0.675587882957581
13.0827888399051,0.362855664220269
12.5351448175118,0.485890734799209
13.5049121473077,0.426993444219104
14.7938964953027,0.440466090815304
12.9751093322112,0.211179504939137
8.03339402522038,0.341130813160199
9.17478779544341,0.52790670527095
14.2135134162342,0.361274032723723
15.2606972890259,0.687983492465123
9.32644802366514,0.464653803272204
14.3118784679084,0.672832372303749
12.866528690215,0.218755078379222
11.2367672166946,0.432856351389959
10.1891139270492,0.189464230431727
9.02057811033789,0.266073376487712
12.4227192654943,0.252566852137529
7.30149388670606,0.349170327869475
10.7257321845803,0.094394595749445
10.1891139270492,0.349762174229168
15.1684864142923,0.602089564227725
11.6052851073256,0.338927295634799
4.43185192972089,0.253951744299972
4.10309759575137,0.577350269189626
6.26755971204547,0.139684679831409
10.1891139270492,0.341908004729941
10.7257321845803,0.479298986235487
12.3092669279114,0.38518503033063
9.76730964381993,0.350411917962394
12.5351448175118,0.480686811887709
8.20617579699318,0.426225129342446
12.1947591471035,0.227645719401231
11.3609347823536,0.278648292429118
13.400636879256,0.261446976563821
12.3092669279114,0.554254599198782
11.3609347823536,0.290505010203651
10.1891139270492,0.2965101480201
10.4608569248376,0.299863936435864
9.76730964381993,0.353400978634792
5.02524773721565,0.503874118835394
11.4837598710354,0.328437757301322
12.866528690215,0.112539196113297
7.30149388670606,0.487774987128194
11.8445956332723,0.379709528410279
10.5941223916204,0.207108861976515
9.62260027391493,0.350859479656418
7.10675110939562,0.452471912911618
13.295531848067,0.561239734730745
11.3609347823536,0.504276331414685
9.90990612089579,0.392405158040044
8.37539389269942,0.35776589015053
11.2367672166946,0.476399182969121
13.6084001173249,0.277403939670372
9.32644802366514,0.404548564558679
13.189589283835,0.473540284102398
12.7570239040857,0.270623339789156
13.189589283835,0.345474374706428
13.5049121473077,0.353173548340843
12.7570239040857,0.369238602763996
11.1112121676923,0.523938266415216
13.400636879256,0.408199618704018
9.90990612089579,0.369669543921534
10.1891139270492,0.247371115167569
10.0504796388868,0.330077079152199
11.9624557412951,0.390636855341452
12.9751093322112,0.440502848218634
9.76730964381993,0.061903189780223
8.37539389269942,0.476693765098252
10.7257321845803,0.184015769756458
6.70030656294737,0.415689320247501
13.9142466089019,0.34913870423963
9.62260027391493,0.377809880727299
14.9823621904942,0.391888901690311
10.4608569248376,0.296655325185522
10.7257321845803,0.28977426569892
10.4608569248376,0.348504134750986
12.6465709677645,0.2448534937698
8.03339402522038,0.41017871715625
9.76730964381993,0.367332417293319
9.62260027391493,0.22023808708426
9.02057811033789,0.372599392220343
10.8557465216379,0.212672337064074
9.90990612089579,0.456619820891859
10.8557465216379,0.453899535844561
11.8445956332723,0.375792138879183
15.8911885950789,0.750889534270688
13.7111070085504,0.530279071940442
9.02057811033789,0.266073376487712
5.02524773721565,0.503874118835394
9.02057811033789,0.314115633594934
9.47568120954043,0
8.37539389269942,0.329725539516687
12.6465709677645,0.197460722152907
12.9751093322112,0.49648370524807
6.26755971204547,0.139684679831409
10.1891139270492,0.432785967740449
15.2606972890259,0.693818136292167
7.10675110939562,0.520856305799681
10.1891139270492,0.340957840395898
11.6052851073256,0.339767977979929
13.5049121473077,0.398475822034882
10.7257321845803,0.500191704257833
11.8445956332723,0.538514499184534
11.1112121676923,0.203610896386957
8.70396611616147,0.416917217901977
9.90990612089579,0.249492571464379
10.1891139270492,0.278849122602616
11.1112121676923,0.646630701860628
11.4837598710354,0.47235332178706
6.90651936102302,0.456479562502295
9.90990612089579,0.285446475757266
13.295531848067,0.460612305351088
11.8445956332723,0.359656016182639
4.73784900283672,0.431325959355937
11.3609347823536,0.211210381719972
10.1891139270492,0.328414852251852
8.86368590361803,0.354949038236128
11.3609347823536,0.364665467524216
13.189589283835,0.229225187449768
4.10309759575137,0.474804934093703
10.5941223916204,0.186481503723687
14.4095720591172,0.480277232739503
10.3258870933735,0.408816184892651
10.0504796388868,0.398693001109933
6.26755971204547,0.139684679831409
10.7257321845803,0.298022972842567
11.2367672166946,0.265720553385358
11.9624557412951,0.112181212019989
8.54126012392649,0.340771890805295
12.6465709677645,0.172268290933712
9.32644802366514,0.287009915970237
11.2367672166946,0.409464610687557
10.1891139270492,0.510173365965855
11.9624557412951,0.37045771157436
12.0791659070133,0.292601941443996
11.4837598710354,0.385541351892325
13.9142466089019,0.542924798284653
12.9751093322112,0.317789507947886
11.2367672166946,0.354038586666678
11.3609347823536,0.332050890698798
13.8130502441217,0.457040509194131
10.4608569248376,0.426930972552981
6.70030656294737,0.361651361464602
12.5351448175118,0.337882387844005
14.5066077555575,0.693271208799465
7.49117578383501,0.27661978285235
7.85681347097768,0.303397773895955
10.5941223916204,0.389391582096948
14.4095720591172,0.521959829407928
14.4095720591172,0.366762616643081
10.7257321845803,0.268464682469651
8.86368590361803,0.132918958022423
12.866528690215,0.478347323780218
13.0827888399051,0.534384328618658
10.7257321845803,0.29873535980376
9.32644802366514,0.404548564558679
12.5351448175118,0.476383408311989
11.3609347823536,0.261906416717703
10.5941223916204,0.207108861976515
10.0504796388868,0.330077079152199
10.1891139270492,0.341908004729941
13.5049121473077,0.499197353962855
12.7570239040857,0.245102502107015
7.49117578383501,0.191533881193223
8.20617579699318,0.289205022530501
13.295531848067,0.410384743698011
9.47568120954043,0.337275711206466
11.2367672166946,0.314076280973191
13.5049121473077,0.5172560929102
10.1891139270492,0.343924452637116
10.7257321845803,0.353406887900734
13.8130502441217,0.454571540039834
11.1112121676923,0.580199835402668
11.9624557412951,0.427989106319819
10.8557465216379,0.362153672772979
12.1947591471035,0.502131753185354
12.0791659070133,0.463633859744003
10.4608569248376,0.295327943913826
14.0147122817434,0.514202677930008
9.62260027391493,0.377809880727299
13.8130502441217,0.412127746429829
15.2606972890259,0.689274761009041
13.295531848067,0.294483573434006
12.5351448175118,0.363223105309549
10.1891139270492,0.3068504666956
14.1144628656835,0.340506156470057
11.1112121676923,0.344136524665118
13.400636879256,0.295749761285206
5.02524773721565,0
11.3609347823536,0.332050890698798
13.9142466089019,0.13631751220742
14.9823621904942,0.268410094172399
11.3609347823536,0.510955155750023
11.4837598710354,0.603300067308365
9.90990612089579,0.435513050764917
12.6465709677645,0.280156975234839
10.1891139270492,0.267469672174477
9.32644802366514,0.559016994374947
9.47568120954043,0.36375475630273
12.4227192654943,0.43480340968569
10.4608569248376,0.246342589354677
14.0147122817434,0.526307087724002
12.9751093322112,0.436087546285269
12.7570239040857,0.25372084159277
13.400636879256,0.461393083760184
9.62260027391493,0.328654738718659
11.7255509068454,0.324046683015592
15.0757115405496,0.409967471744031
8.70396611616147,0.367501243844082
14.4095720591172,0.594385465448006
9.17478779544341,0.32248711067092
7.30149388670606,0.463237681075912
12.0791659070133,0.619865382937565
10.0504796388868,0.3827803808038
11.6052851073256,0.406460580029133
9.32644802366514,0.180375525222063
8.03339402522038,0.440745575568687
8.86368590361803,0.355847798431703
12.3092669279114,0.239144698776178
13.6084001173249,0.260433235253935
12.7570239040857,0.38231967332196
8.37539389269942,0.148590798692409
8.20617579699318,0.426225129342446
10.9842220566029,0.226204241729975
11.6052851073256,0.347386120909639
11.8445956332723,0.037871309171745
15.1684864142923,0.760358515115135
14.6987574939864,0.472614758671918
13.400636879256,0.283668812662076
13.295531848067,0.232582422436985
13.189589283835,0.36617418427554
14.8884275583569,0.43569637158776
14.8884275583569,0.733899814453857
11.9624557412951,0.33590207432419
13.5049121473077,0.362041423416526
9.47568120954043,0
10.1891139270492,0.396929935341174
6.90651936102302,0.482991208130684
13.6084001173249,0.24079960941328
11.8445956332723,0.230201317886687
7.10675110939562,0.422687587085572
9.02057811033789,0.505257918248623
9.90990612089579,0.409140083512994
12.4227192654943,0.525982559040716
7.49117578383501,0.27661978285235
10.3258870933735,0.240630213906947
10.1891139270492,0.372056177745704
8.54126012392649,0.469897915786878
14.3118784679084,0.247520965383753
12.6465709677645,0.542113496593996
15.6240996007489,0.687050314824591
12.0791659070133,0.317781568069808
13.400636879256,0.257425069817456
9.17478779544341,0.32248711067092
12.4227192654943,0.365415045609856
10.0504796388868,0.345378943608168
9.76730964381993,0.306884069173201
11.2367672166946,0.325305157133931
14.2135134162342,0.454332311908721
11.2367672166946,0.308270137185761
10.0504796388868,0.392613441934559
12.9751093322112,0.5242683047498
14.6987574939864,0.711979693670551
9.32644802366514,0.233728169849402
13.8130502441217,0.429080246309963
11.2367672166946,0
10.4608569248376,0.223377489455357
13.8130502441217,0.389792762819678
8.86368590361803,0.396153881934341
11.2367672166946,0.372953314071203
10.4608569248376,0.189721324216722
13.9142466089019,0.44027715112257
12.4227192654943,0.450997067293971
13.8130502441217,0.331650123470965
10.5941223916204,0.435361262585328
15.1684864142923,0.575291806121855
10.3258870933735,0.346727299397023
15.1684864142923,0.539626910598377
15.0757115405496,0.431496409235717
12.4227192654943,0.48161984174001
12.3092669279114,0.374791247663481
11.4837598710354,0.461130148389444
11.4837598710354,0.359606241688753
10.1891139270492,0.470039661557707
10.9842220566029,0.276827952590578
13.400636879256,0.474705842868289
11.8445956332723,0.218962648045235
11.6052851073256,0.329789453353924
11.8445956332723,0.376609637866115
11.7255509068454,0.37947498267583
11.3609347823536,0.364665467524216
10.8557465216379,0.418775942948898
11.8445956332723,0.324024710137287
14.0147122817434,0.669759160219182
8.03339402522038,0.341130813160199
7.67617198029241,0.241282917485975
10.7257321845803,0.094394595749445
14.6029986722012,0.342561071380057
14.7938964953027,0.551265997126889
7.85681347097768,0.303397773895955
12.4227192654943,0.460616719429263
7.85681347097768,0.236937719920359
11.6052851073256,0.347386120909639
10.3258870933735,0.37015655975263
8.37539389269942,0.388061170180586
11.3609347823536,0.364665467524216
13.400636879256,0.522382483440477
12.9751093322112,0.616749852355378
8.86368590361803,0.610971599032455
9.90990612089579,0.392514297992735
11.8445956332723,0.369371032956629
14.3118784679084,0.295915373086799
8.70396611616147,0.416917217901977
11.4837598710354,0.307992480233478
10.7257321845803,0.364577306488115
13.400636879256,0.441251636556222
9.90990612089579,0.264430718130041
11.7255509068454,0.276952072057892
6.48754239992045,0.336176210288287
13.6084001173249,0.535826729319241
10.3258870933735,0.469703686866691
12.866528690215,0.483946178789726
11.2367672166946,0.320122963475556
12.0791659070133,0.47020610219445
10.1891139270492,0.396929935341174
11.4837598710354,0.385541351892325
11.2367672166946,0.218549276744651
12.7570239040857,0.503089836421491
12.9751093322112,0.323601839704223
6.03956977750446,0.370583047997724
10.4608569248376,0.484607109425662
12.9751093322112,0.35631143224421
8.03339402522038,0.493736477311458
14.9823621904942,0.589660514977822
12.6465709677645,0.34371592934161
8.86368590361803,0.396153881934341
9.90990612089579,0.338600928353883
10.5941223916204,0.350066306716518
15.8911885950789,0.617653297058886
13.189589283835,0.41127005069141
11.2367672166946,0
7.85681347097768,0.360392098526095
11.8445956332723,0.26334708265393
10.3258870933735,0.37015655975263
9.17478779544341,0.303834955471137
11.2367672166946,0
12.5351448175118,0.351766719937758
14.1144628656835,0.225917504917676
12.4227192654943,0.479640220689629
10.5941223916204,0.306142651389031
14.4095720591172,0.395682563282633
10.5941223916204,0.207108861976515
9.32644802366514,0.335873771264896
10.4608569248376,0.243959185470431
8.54126012392649,0.441181878549651
5.80265626765203,0.344706095571096
9.47568120954043,0.337414580664475
9.47568120954043,0.182503131469323
15.1684864142923,0.347379621429881
10.8557465216379,0.23642371632439
8.70396611616147,0.218541814518614
11.3609347823536,0.183464585497297
8.03339402522038,0.384902943266603
10.8557465216379,0.222943185123707
14.3118784679084,0.481178267180737
9.02057811033789,0.279145263119541
10.3258870933735,0.145840533041553
8.54126012392649,0.246608584506824
10.3258870933735,0.276263765100799
11.9624557412951,0.341948117874841
10.9842220566029,0.44394564424149
10.3258870933735,0.536191217595186
12.3092669279114,0.423496665824049
13.9142466089019,0.559031984350502
8.03339402522038,0.089078796164435
10.5941223916204,0.219565158918619
11.6052851073256,0.429040024316792
11.1112121676923,0.411060520018472
9.76730964381993,0.306884069173201
9.62260027391493,0.50615746983589
9.76730964381993,0.244466203817409
11.3609347823536,0.260416542732471
14.9823621904942,0.505469964309618
10.7257321845803,0.405989746606059
11.4837598710354,0.378801200311318
13.0827888399051,0.597832138506551
11.9624557412951,0.186064836020365
7.67617198029241,0
11.1112121676923,0.382904986647429
13.5049121473077,0.305916283723444
12.3092669279114,0.463988711167129
13.9142466089019,0.39860184740189
11.3609347823536,0.424874014605333
13.189589283835,0.285038677566786
13.295531848067,0.459329327737898
11.9624557412951,0.281244220099359
11.3609347823536,0.364665467524216
11.4837598710354,0.286936111934926
12.0791659070133,0.338512387427013
9.76730964381993,0.391894997263956
11.7255509068454,0.241630713239579
15.6240996007489,0.559998787964706
11.3609347823536,0.363565540753005
8.86368590361803,0.132918958022423
10.1891139270492,0.182978909600393
8.54126012392649,0.436631107740725
7.49117578383501,0.410651156040205
10.3258870933735,0.269785233777598
12.0791659070133,0.26042334403823
11.3609347823536,0.392129037672849
12.0791659070133,0.199276670324803
6.26755971204547,0.139684679831409
10.0504796388868,0.482788773463265
13.189589283835,0.516121045712023
11.9624557412951,0.370750379777864
10.5941223916204,0.360093232810066
14.2135134162342,0.413104264986213
7.30149388670606,0.277331849594773
7.85681347097768,0.303397773895955
12.3092669279114,0.372460172991941
7.10675110939562,0.422687587085572
13.8130502441217,0.429080246309963
13.8130502441217,0.702768857928694
10.0504796388868,0.46977134011076
12.7570239040857,0.397566864360922
10.8557465216379,0.287155545997778
9.17478779544341,0.302199727539049
15.8026672314373,0.646964118688375
11.4837598710354,0.357548955587692
10.3258870933735,0.417999963588122
10.1891139270492,0.504418845063758
13.8130502441217,0.487510327086992
8.86368590361803,0.322901929174493
12.6465709677645,0.310021557977935
13.189589283835,0.477546743910204
11.9624557412951,0.389143047888966
12.7570239040857,0.43876216670553
10.4608569248376,0.219582256686692
10.3258870933735,0.444323324927288
9.47568120954043,0
13.6084001173249,0.744657430831954
13.5049121473077,0.29948087009088
14.2135134162342,0.378941404863011
9.76730964381993,0.227578633213663
12.4227192654943,0.48059918364599
6.03956977750446,0.483892545864173
9.90990612089579,0.33468560392982
10.8557465216379,0.430756989116591
14.1144628656835,0.478395303927759
9.62260027391493,0.256970710330304
12.866528690215,0.401849683908997
11.4837598710354,0.46002280841896
12.0791659070133,0.438058800152627
11.8445956332723,0.228106086431762
13.9142466089019,0.5416360232058
12.3092669279114,0.399200347766254
9.47568120954043,0.387621591974835
11.6052851073256,0.424191414219048
10.4608569248376,0.487252990842436
12.9751093322112,0.49287438657756
14.2135134162342,0.500935340695707
12.866528690215,0.269913196731613
11.1112121676923,0.249792942576887
14.3118784679084,0.408463039836489
11.9624557412951,0.40327593319479
9.76730964381993,0.265474583559034
12.5351448175118,0.071083868551634
12.6465709677645,0.747050550371771
13.400636879256,0.255930558661188
12.7570239040857,0.288756366871119
12.4227192654943,0.319300574405885
9.76730964381993,0.464314112656709
12.866528690215,0.445616051085702
11.3609347823536,0.337355414181369
12.7570239040857,0.362531362636921
9.62260027391493,0.256970710330304
6.90651936102302,0.206331734316271
10.3258870933735,0.37015655975263
11.1112121676923,0.203610896386957
5.02524773721565,0
10.0504796388868,0.395746758768816
4.10309759575137,0.668747319440095
14.4095720591172,0.377770134299543
10.5941223916204,0.274554324588029
10.7257321845803,0.177783448181915
10.3258870933735,0.145840533041553
14.9823621904942,0.580090289113279
9.17478779544341,0.333658545012181
12.3092669279114,0.468485789435228
11.9624557412951,0.299605621330334
10.3258870933735,0.437948297718851
8.86368590361803,0.117391399066361
6.70030656294737,0.415689320247501
13.6084001173249,0.422133528461292
11.9624557412951,0.369343793548218
11.2367672166946,0.315217953182445
14.1144628656835,0.402212284607128
10.3258870933735,0.451664165531996
9.90990612089579,0.417401503836619
13.189589283835,0.354298340354296
11.3609347823536,0.367364968467744
14.1144628656835,0.381236686974123
11.7255509068454,0.569846407522197
9.76730964381993,0.353333218883688
10.1891139270492,0.24228723484871
11.7255509068454,0.3584662736498
13.0827888399051,0.423855111070012
10.4608569248376,0.508337564661532
14.7938964953027,0.458788405918728
8.37539389269942,0.394944190649585
10.5941223916204,0.207108861976515
9.90990612089579,0.356309471879551
11.2367672166946,0.194970138390603
8.86368590361803,0.322901929174493
11.4837598710354,0.29548126869664
12.7570239040857,0.426235097057257
9.76730964381993,0.367332417293319
7.85681347097768,0.277129541339669
14.6029986722012,0.522512401226415
11.7255509068454,0.498519173410189
10.5941223916204,0.49003733140302
14.7938964953027,0.305095292544131
8.70396611616147,0.34700687429756
11.4837598710354,0.316599764260451
7.49117578383501,0.27661978285235
12.3092669279114,0.463850273839606
10.7257321845803,0.298022972842567
7.49117578383501,0.352392038312978
9.02057811033789,0.364893883286308
9.62260027391493,0.254408368750818
8.86368590361803,0.267159524975568
14.2135134162342,0.395265547620845
10.8557465216379,0.303437111401675
11.9624557412951,0.186064836020365
12.0791659070133,0.430869643463325
13.7111070085504,0.232121807430229
13.6084001173249,0.366531302025595
10.1891139270492,0.3068504666956
11.2367672166946,0.41955203665691
6.90651936102302,0.456479562502295
10.8557465216379,0.222943185123707
13.295531848067,0.323036805761575
10.0504796388868,0.361179897748701
10.1891139270492,0.319410058386934
12.6465709677645,0.48913150511653
11.4837598710354,0.212072854824829
9.62260027391493,0.220353123961827
12.1947591471035,0.308365873714089
11.7255509068454,0.37541640254309
9.47568120954043,0
8.86368590361803,0.456543117974235
8.70396611616147,0.209058388514878
10.3258870933735,0.320127732660868
6.48754239992045,0.336176210288287
13.189589283835,0.396242488518438
10.0504796388868,0.271966750620596
8.86368590361803,0.246129136161442
13.8130502441217,0.476714607901126
9.76730964381993,0.286450778933795
12.4227192654943,0.454890073962867
12.9751093322112,0.304495751373661
10.5941223916204,0.260308105647084
13.189589283835,0.320575266609879
14.3118784679084,0.410550235235129
14.8884275583569,0.658027643275497
10.7257321845803,0.465696185612175
9.32644802366514,0.472322511592448
6.70030656294737,0
10.5941223916204,0.434879606320186
10.5941223916204,0.33620272089183
12.866528690215,0.338066338261552
9.02057811033789,0.266073376487712
11.6052851073256,0.490495357280191
11.1112121676923,0.317856117302193
8.03339402522038,0.377179318033878
13.400636879256,0.405496007721788
13.6084001173249,0.492688581787588
10.0504796388868,0.395746758768816
6.90651936102302,0.343643659501351
10.4608569248376,0.472074415289557
10.3258870933735,0.331730649872278
13.8130502441217,0.249166035213139
12.7570239040857,0.178371603252579
12.4227192654943,0.334078580163147
9.62260027391493,0.319626955026633
9.76730964381993,0.306884069173201
9.62260027391493,0.273708398976992
14.7938964953027,0.25284102338655
8.86368590361803,0.117391399066361
11.2367672166946,0.381177099144767
14.8884275583569,0.748562352405974
9.62260027391493,0.256970710330304
11.3609347823536,0.37984477123973
10.5941223916204,0.434879606320186
12.1947591471035,0.414274895714117
10.7257321845803,0.416310123098752
9.32644802366514,0.520932857048066
10.9842220566029,0.319336297309048
11.3609347823536,0.362200546320702
13.189589283835,0.584646450111928
7.49117578383501,0.191533881193223
9.02057811033789,0.392806662514281
13.8130502441217,0.245180953926778
11.2367672166946,0.409464610687557
12.0791659070133,0.292601941443996
9.17478779544341,0.38643758036515
8.37539389269942,0.488914716745133
15.6240996007489,0.341529066181623
11.2367672166946,0.296791717138374
12.5351448175118,0.283167135497502
9.02057811033789,0.266073376487712
12.0791659070133,0.555820452314202
10.0504796388868,0.395746758768816
12.866528690215,0.402537220119919
10.3258870933735,0.403013246047992
10.8557465216379,0.277478931238564
9.17478779544341,0.310967327078561
10.3258870933735,0.451664165531996
7.30149388670606,0.463237681075912
11.1112121676923,0.382904986647429
12.6465709677645,0.603215191373639
13.0827888399051,0.246536060019541
15.7136370704185,0.679272348941239
10.3258870933735,0.533701059366581
8.70396611616147,0.416917217901977
11.7255509068454,0.535704855098299
12.1947591471035,0.228157595147637
6.70030656294737,0
7.49117578383501,0.27661978285235
10.5941223916204,0.497589061901578
12.1947591471035,0.432350488251048
12.6465709677645,0.338190602883062
9.62260027391493,0.256970710330304
12.4227192654943,0.460616719429263
11.3609347823536,0.535668448561794
9.32644802366514,0.233728169849402
6.90651936102302,0.456479562502295
8.86368590361803,0.348991705713877
13.5049121473077,0.481741104999146
12.3092669279114,0.315532236141417
10.3258870933735,0.384530103736262
9.76730964381993,0.25493835528136
12.866528690215,0.49544763036105
12.0791659070133,0.227325490049651
10.1891139270492,0.368749122988743
11.6052851073256,0.338814547994492
12.1947591471035,0.454215915824395
14.2135134162342,0.387948664466561
12.6465709677645,0.211355504396586
8.86368590361803,0.28992698744124
10.3258870933735,0.308979548555901
7.85681347097768,0.303397773895955
12.3092669279114,0.464533493847833
11.9624557412951,0.561653431301265
10.4608569248376,0.499875791825186
12.866528690215,0.413408881746146
10.0504796388868,0.395746758768816
13.6084001173249,0.156394638382496
7.67617198029241,0
11.6052851073256,0.369936562238521
10.5941223916204,0.323797516104723
10.3258870933735,0.37015655975263
11.6052851073256,0.335027224339988
10.9842220566029,0.359797493832675
13.9142466089019,0.395868646417562
12.4227192654943,0.218714404848841
13.6084001173249,0.24079960941328
11.3609347823536,0.4593311927621
6.26755971204547,0.332768648304216
11.1112121676923,0.515732890976886
13.0827888399051,0.716370236003422
13.6084001173249,0.253358461553733
12.4227192654943,0.275249461222199
11.6052851073256,0.307659589837249
9.02057811033789,0.521293432366137
14.9823621904942,0.701390014963984
12.0791659070133,0.313832444678381
10.4608569248376,0.469530775587179
10.8557465216379,0.378737045237437
11.6052851073256,0.328448238387589
10.7257321845803,0.490380364207943
8.70396611616147,0.209058388514878
12.9751093322112,0.654370647348246
12.7570239040857,0.335730629744081
8.86368590361803,0.348991705713877
7.49117578383501,0.27661978285235
15.3523543273985,0.685303515878396
11.8445956332723,0.382259911627478
9.47568120954043,0.214766176131682
11.2367672166946,0.314076280973191
12.6465709677645,0.300640342244043
7.85681347097768,0.303397773895955
12.1947591471035,0.450451449691501
8.86368590361803,0.354949038236128
13.5049121473077,0.450175551287484
11.2367672166946,0
12.866528690215,0.469231764555146
12.3092669279114,0.382938181736811
11.4837598710354,0.26993138433534
13.0827888399051,0.116084254771658
8.70396611616147,0.289657510689798
7.67617198029241,0.285631787625909
13.8130502441217,0.488912076423075
10.9842220566029,0.284000747500787
13.295531848067,0.490722633531906
11.1112121676923,0.383307129828319
13.189589283835,0.307371292113177
10.7257321845803,0.321269114998879
14.2135134162342,0.501428444086086
9.47568120954043,0
8.70396611616147,0.235340092130018
12.0791659070133,0.42061744209824
13.189589283835,0.404286865174541
10.4608569248376,0.264019563317207
12.5351448175118,0.516596152424167
9.90990612089579,0.386212321377003
9.32644802366514,0.367268033345597
12.5351448175118,0.590480539540988
14.9823621904942,0.707281922192659
10.5941223916204,0.489275812969144
6.90651936102302,0.456479562502295
14.4095720591172,0.453585223864447
12.5351448175118,0.710649908436797
11.4837598710354,0.406816863251656
11.4837598710354,0.425000086938168
12.7570239040857,0.382144011644353
9.17478779544341,0.241520208702279
8.20617579699318,0.426225129342446
12.1947591471035,0.45992016605461
13.0827888399051,0.398685231891641
9.90990612089579,0.380048924471047
13.400636879256,0.456709604119988
7.85681347097768,0.303397773895955
9.76730964381993,0.322471677437617
13.0827888399051,0.352438876487135
8.37539389269942,0.274541680493797
7.49117578383501,0.410651156040205
11.8445956332723,0.377136056729919
11.4837598710354,0.481242365094034
11.8445956332723,0.323907904387006
12.0791659070133,0.381698629780057
10.0504796388868,0.60071283008424
10.1891139270492,0.440343363563112
11.1112121676923,0.504208380544732
13.6084001173249,0.681915981682228
14.1144628656835,0.482918508981552
10.5941223916204,0.228072966008095
10.9842220566029,0.23861208327356
10.3258870933735,0.37015655975263
7.85681347097768,0.303397773895955
11.4837598710354,0.37399842692101
11.2367672166946,0.265720553385358
12.7570239040857,0.295922622365299
9.90990612089579,0.392405158040044
10.9842220566029,0.412935005299924
9.62260027391493,0.546816323715757
9.76730964381993,0.330925396118584
8.37539389269942,0.330769482728116
12.1947591471035,0.228070094628542
10.5941223916204,0.207108861976515
9.32644802366514,0.233728169849402
11.3609347823536,0.429646868099992
13.9142466089019,0.226066655515422
11.8445956332723,0.498570849801373
10.7257321845803,0.317274534076523
12.7570239040857,0.352852538867337
14.2135134162342,0.287764385348358
11.3609347823536,0.363565540753005
7.85681347097768,0.303397773895955
11.6052851073256,0.424191414219048
15.2606972890259,0.563802349136553
9.17478779544341,0.310967327078561
9.47568120954043,0
9.90990612089579,0.398992485480382
13.8130502441217,0.49691999369308
6.03956977750446,0.355571997453328
12.3092669279114,0.358631270210153
14.9823621904942,0.387399605441883
10.0504796388868,0.322385153855476
9.47568120954043,0
11.1112121676923,0.325249495068868
10.1891139270492,0.335697755826695
11.2367672166946,0.364425166167502
9.62260027391493,0.28257472869405
13.295531848067,0.472103358060728
6.90651936102302,0.456479562502295
9.32644802366514,0.269056092431827
6.90651936102302,0.531085004543794
7.49117578383501,0.27661978285235
12.5351448175118,0.47689673377839
11.8445956332723,0.517320393408957
11.7255509068454,0.402137730418783
10.0504796388868,0.395746758768816
11.6052851073256,0.374559489066394
8.86368590361803,0.396153881934341
11.8445956332723,0.41144789390286
10.9842220566029,0.309833080135072
11.3609347823536,0.211210381719972
9.32644802366514,0.24929160837653
9.32644802366514,0.514268344100525
12.0791659070133,0.424736358615728
10.3258870933735,0.389934442779844
13.0827888399051,0.488831010005653
13.400636879256,0.456289963957678
14.3118784679084,0.566348756658738
11.4837598710354,0.360758921035413
13.7111070085504,0.327159476395349
10.3258870933735,0.345071980368859
8.86368590361803,0.369915790342703
14.4095720591172,0.42219946771461
11.7255509068454,0.464976292050277
11.3609347823536,0.379400773136922
11.2367672166946,0.381177099144767
11.9624557412951,0.545353943663425
11.2367672166946,0.354038586666678
10.9842220566029,0.404199785873057
13.6084001173249,0.287570821123351
12.3092669279114,0.130367058243833
13.0827888399051,0.338489980071977
12.5351448175118,0.386604344730284
14.1144628656835,0.429787443596821
9.32644802366514,0.501285632022965
12.3092669279114,0.257254609396181
13.0827888399051,0.229978216175353
11.1112121676923,0.401950414002348
9.47568120954043,0.270466534536701
10.3258870933735,0.47323086015084
11.6052851073256,0.191040987891043
9.47568120954043,0.337275711206466
10.7257321845803,0.533478215476048
14.4095720591172,0.334421593927911
14.4095720591172,0.437902013236872
12.0791659070133,0.34534092246785
12.4227192654943,0.492580418655717
4.73784900283672,0.404148771327798
9.32644802366514,0.492965582978379
12.7570239040857,0.49208974116673
6.48754239992045,0.34378443789808
12.866528690215,0.308121428569344
9.76730964381993,0.507389482191088
11.4837598710354,0.319672777124009
12.5351448175118,0.477185617231077
9.90990612089579,0.369669543921534
6.90651936102302,0.456479562502295
9.17478779544341,0.157341894181441
14.3118784679084,0.72706759085212
10.9842220566029,0.31220904116177
13.295531848067,0.447649512927603
8.70396611616147,0.416917217901977
7.85681347097768,0.38106513589822
14.4095720591172,0.392532582146007
10.9842220566029,0.446876560427825
12.4227192654943,0.423268452363616
6.90651936102302,0.473145134187149
9.90990612089579,0.417802333434743
10.0504796388868,0.395746758768816
8.86368590361803,0.132918958022423
13.189589283835,0.515318761364872
15.0757115405496,0.429405013836431
8.86368590361803,0.331358244550072
9.32644802366514,0.520932857048066
10.7257321845803,0.668032572327977
8.54126012392649,0.410984307711083
13.295531848067,0.34152708018659
11.4837598710354,0.46002280841896
9.47568120954043,0.512354171616057
12.1947591471035,0.454247827992044
7.67617198029241,0.292036509192294
13.5049121473077,0.38213133894323
13.400636879256,0.391851715555292
11.7255509068454,0.32645050387347
13.400636879256,0.414208032883473
14.8884275583569,0.449168432066256
8.86368590361803,0.427568579717991
10.5941223916204,0.32555215062363
11.2367672166946,0.530316748111256
8.03339402522038,0.089078796164435
12.5351448175118,0.327938865208427
6.26755971204547,0.332768648304216
11.6052851073256,0.483373713695834
11.3609347823536,0.363354831209661
7.30149388670606,0.37286265556994
9.17478779544341,0.372651609698635
11.4837598710354,0.328437757301322
7.10675110939562,0.338707287743886
13.189589283835,0.307371292113177
12.7570239040857,0.504037387595913
9.47568120954043,0.544875690559703
9.02057811033789,0.279145263119541
4.73784900283672,0.431325959355937
13.0827888399051,0.591790207785502
6.48754239992045,0.34662295572148
12.5351448175118,0.507420701390502
7.10675110939562,0.338707287743886
12.4227192654943,0.14581851917764
13.295531848067,0.622387691116838
13.8130502441217,0.466588146183673
13.400636879256,0.234119441299271
11.4837598710354,0.432459885112798
13.400636879256,0.455231413691937
10.7257321845803,0.486889894756532
8.37539389269942,0.388061170180586
11.8445956332723,0.511414313866994
15.5340460501252,0.151769070803752
11.9624557412951,0.281518021487812
8.03339402522038,0.41017871715625
9.02057811033789,0.262763805779171
11.3609347823536,0.458052205210981
15.4434673904762,0.414751273538395
10.1891139270492,0.343924452637116
11.8445956332723,0.425320823905171
11.4837598710354,0.448499593571831
15.1684864142923,0.453056359241143
13.189589283835,0.494316208319554
10.7257321845803,0.276846474809749
10.0504796388868,0.395746758768816
14.5066077555575,0.571962975604415
15.2606972890259,0.658827656410122
11.6052851073256,0.442969901697312
12.0791659070133,0.284387456205497
11.3609347823536,0.397888804145489
10.1891139270492,0.341339882125062
10.5941223916204,0.518542378737954
12.1947591471035,0.393284372599032
10.5941223916204,0.371297084526784
10.3258870933735,0.372178524276434
7.67617198029241,0.392255770607133
13.295531848067,0.229113207496491
13.6084001173249,0.452847752497767
11.3609347823536,0.324409073920562
15.0757115405496,0.436248508457817
13.6084001173249,0.188432486217059
11.1112121676923,0.4656913456745
9.62260027391493,0.319703964292906
12.5351448175118,0.541780398254631
10.9842220566029,0.177460370083916
9.32644802366514,0.461675620889105
11.1112121676923,0.51100903743105
8.37539389269942,0.476065087189404
11.8445956332723,0.507838839872625
9.47568120954043,0.367928225390906
13.189589283835,0.580672843523106
11.7255509068454,0.363898954464905
6.90651936102302,0.456479562502295
8.70396611616147,0.416917217901977
10.9842220566029,0.43366344885693
10.5941223916204,0.217714712361444
14.6987574939864,0.483740819310661
8.03339402522038,0.341130813160199
10.8557465216379,0.222943185123707
13.295531848067,0.234106898656442
15.5340460501252,0.29382051080535
13.295531848067,0.41000889296429
9.17478779544341,0.32248711067092
10.5941223916204,0.414770658268818
11.4837598710354,0.328437757301322
9.02057811033789,0.266073376487712
11.7255509068454,0.131009123360628
10.8557465216379,0.264414750212054
6.70030656294737,0.435819780474827
9.76730964381993,0.335966775231998
8.54126012392649,0.393801521579872
13.9142466089019,0.374529769927959
10.1891139270492,0.433424206403702
13.0827888399051,0.492433517730356
13.8130502441217,0.310817825036723
9.90990612089579,0.398992485480382
8.70396611616147,0.464293611434539
12.6465709677645,0.379000202146367
11.6052851073256,0.497677716115647
10.0504796388868,0.395746758768816
8.37539389269942,0
11.8445956332723,0.152304395797029
14.0147122817434,0.423247266617245
13.7111070085504,0.457070133500125
11.2367672166946,0.314076280973191
11.7255509068454,0.282220108804932
6.90651936102302,0.206331734316271
11.7255509068454,0.484269796945254
12.7570239040857,0.378676761271844
10.5941223916204,0.186481503723687
12.866528690215,0.53723987173061
9.76730964381993,0.464314112656709
11.2367672166946,0.358605815403378
10.8557465216379,0.42612595946895
15.8026672314373,0.74641458697245
10.4608569248376,0.406846613774376
13.9142466089019,0.534079788117228
4.43185192972089,0.253951744299972
10.3258870933735,0.26844911696914
9.02057811033789,0.457948859350719
9.62260027391493,0.350859479656418
14.1144628656835,0.469979944446285
9.62260027391493,0.377809880727299
9.17478779544341,0.5395995728441
9.47568120954043,0.38326936860288
10.0504796388868,0.402481147220952
11.4837598710354,0.196663742298079
5.02524773721565,0
10.7257321845803,0.094394595749445
9.17478779544341,0.32248711067092
12.866528690215,0.406614462944305
15.2606972890259,0.310518218543556
10.5941223916204,0.207108861976515
9.02057811033789,0.487001845819026
11.6052851073256,0.366707414198789
11.8445956332723,0.379709528410279
12.9751093322112,0.532491806791753
9.76730964381993,0.353400978634792
14.4095720591172,0.279568087529732
11.9624557412951,0.517385006695637
12.866528690215,0.401849683908997
9.90990612089579,0.338600928353883
12.3092669279114,0.366016936730859
8.86368590361803,0.511759551468216
13.6084001173249,0.361600610301253
6.26755971204547,0.139684679831409
11.7255509068454,0.276524878225578
14.7938964953027,0.200006622845508
10.7257321845803,0.479298986235487
11.2367672166946,0.432856351389959
9.47568120954043,0.221671271970642
10.4608569248376,0.507581918190062
13.189589283835,0.448303365243679
13.189589283835,0.343003277077684
8.54126012392649,0.393801521579872
10.3258870933735,0.397082955243097
12.7570239040857,0.417916986500614
10.8557465216379,0.426610088517326
8.20617579699318,0.384873121640829
12.3092669279114,0.152590372430013
11.3609347823536,0.223083358266612
9.90990612089579,0.414756279151262
12.9751093322112,0.344127751148676
12.866528690215,0.38345909636427
12.866528690215,0.289613133604826
9.76730964381993,0.31380535668767
9.90990612089579,0.506387307587834
11.6052851073256,0.442969901697312
10.4608569248376,0.296655325185522
10.4608569248376,0.564166702347287
12.5351448175118,0.665599089640684
11.7255509068454,0.359758634594244
11.8445956332723,0.515156158650468
11.8445956332723,0.152304395797029
14.9823621904942,0.413199626105256
10.8557465216379,0.401475806137842
9.90990612089579,0.37600676022464
10.9842220566029,0.415428508306355
10.0504796388868,0.392613441934559
10.5941223916204,0.402017297650076
12.6465709677645,0.51650266378087
8.37539389269942,0.35776589015053
10.4608569248376,0.394067320251919
10.3258870933735,0.492032463047603
9.76730964381993,0.335966775231998
7.67617198029241,0
9.90990612089579,0.404243949725025
9.62260027391493,0.479650171157362
11.2367672166946,0.38512929378373
15.0757115405496,0.521424396942005
14.9823621904942,0.52131750672199
9.76730964381993,0.367332417293319
12.0791659070133,0.42061744209824
14.3118784679084,0.547049384060991
14.3118784679084,0.727459572926629
15.7136370704185,0.504281825338697
7.67617198029241,0.392255770607133
9.90990612089579,0.247302731321534
9.32644802366514,0.445784124817327
12.4227192654943,0.351804074092544
10.5941223916204,0.186481503723687
10.9842220566029,0.406119987515472
12.866528690215,0.518047240439749
10.5941223916204,0.360093232810066
15.5340460501252,0.384692852965151
13.189589283835,0.216376766809306
9.90990612089579,0.424762246727411
11.3609347823536,0.364665467524216
11.6052851073256,0.25334835188858
5.29707621873625,0.526745940093323
11.2367672166946,0.440199069449195
12.5351448175118,0.330257003924581
12.866528690215,0.263146449837652
9.76730964381993,0.391894997263956
10.0504796388868,0.375499175941071
10.7257321845803,0.455198540682505
13.0827888399051,0.463283571992252
12.6465709677645,0.453481002032435
11.3609347823536,0.3899445314255
9.02057811033789,0.372599392220343
11.9624557412951,0.389143047888966
6.48754239992045,0.34662295572148
13.0827888399051,0.411794556883253
13.189589283835,0.485609455167461
12.4227192654943,0.345681110517254
11.3609347823536,0.364665467524216
10.5941223916204,0.526127438816016
9.90990612089579,0.37600676022464
10.4608569248376,0.580431823272403
12.0791659070133,0
9.90990612089579,0.354328207195985
11.7255509068454,0.328941932061549
11.3609347823536,0.323621034285368
12.3092669279114,0.531923807274532
13.189589283835,0.441958870346754
12.4227192654943,0.345886487500812
7.85681347097768,0.472836411897716
10.5941223916204,0.46022558858765
10.1891139270492,0.343924452637116
10.3258870933735,0.37015655975263
14.8884275583569,0.447025470425169
7.85681347097768,0.439725462008659
14.9823621904942,0.609867723831387
12.9751093322112,0.534147963988341
14.1144628656835,0.362492535906971
13.5049121473077,0.32754622397729
10.8557465216379,0.490178130420293
12.4227192654943,0.39668134883631
12.3092669279114,0.441935296834232
11.3609347823536,0.468388677802739
9.32644802366514,0.233728169849402
9.32644802366514,0.180375525222063
11.8445956332723,0.435811439664276
13.6084001173249,0.492656132840881
11.4837598710354,0.396171814772556
9.17478779544341,0.54220196004167
8.37539389269942,0.487947493736863
11.4837598710354,0.374098825656412
10.1891139270492,0.352390556737282
7.85681347097768,0.303397773895955
11.7255509068454,0.291020981182201
9.17478779544341,0.32248711067092
8.54126012392649,0.272957558399247
9.62260027391493,0.418634462433556
11.3609347823536,0.364665467524216
12.866528690215,0.49544763036105
13.400636879256,0.433500169194242
11.3609347823536,0.361409417702742
11.8445956332723,0.379709528410279
12.6465709677645,0.172268290933712
12.0791659070133,0.354864470706296
12.866528690215,0.288008323289472
10.7257321845803,0.094394595749445
10.4608569248376,0.296655325185522
7.85681347097768,0.303397773895955
8.70396611616147,0.477942152546461
14.6029986722012,0.514018701570196
11.8445956332723,0.335526513286543
9.90990612089579,0.398992485480382
8.20617579699318,0.426225129342446
13.7111070085504,0.360337593482835
13.295531848067,0.328238328026742
12.3092669279114,0.183577468092485
11.6052851073256,0.391866733753142
12.5351448175118,0.370403783159315
9.62260027391493,0.301436644642376
14.6987574939864,0.430204604627227
13.400636879256,0.501329950360368
9.90990612089579,0.478575686238309
8.86368590361803,0.335337899164943
11.1112121676923,0.411060520018472
14.1144628656835,0.385867535169605
8.20617579699318,0.367828017455073
12.4227192654943,0.451560852939229
12.0791659070133,0.517703718965865
11.1112121676923,0.252728062063222
10.7257321845803,0.297383402392459
9.32644802366514,0.180375525222063
8.70396611616147,0.482999031034934
15.1684864142923,0.560911549339761
11.1112121676923,0.523785461247877
12.7570239040857,0.432198242010853
14.4095720591172,0.184306342274483
9.90990612089579,0.470406504640606
11.1112121676923,0.438853384484466
10.8557465216379,0.494769309748206
12.866528690215,0.38345909636427
11.3609347823536,0.260416542732471
10.4608569248376,0.465727520487912
9.90990612089579,0.338600928353883
11.6052851073256,0.374856845445576
13.400636879256,0.47642310175512
14.4095720591172,0.43126947836635
9.02057811033789,0.243297242867849
14.3118784679084,0.201374375668712
12.5351448175118,0.359394407607598
13.6084001173249,0.399639458946791
14.4095720591172,0.389610043754719
13.7111070085504,0.316561221492545
9.32644802366514,0.573534296978965
10.1891139270492,0.492893869070325
9.47568120954043,0.337275711206466
12.7570239040857,0.312503025042137
11.9624557412951,0.229182269810463
12.3092669279114,0.278489272888761
10.1891139270492,0.432785967740449
8.03339402522038,0.42979668247406
12.9751093322112,0.369686325848679
8.70396611616147,0.235340092130018
9.62260027391493,0.403956570354982
10.5941223916204,0.280820854643941
14.1144628656835,0.311573792361794
10.7257321845803,0.157807898153334
15.4434673904762,0.406857403622895
6.03956977750446,0.370583047997724
14.8884275583569,0.656788821399787
12.9751093322112,0.410323281559033
14.7938964953027,0.629111111210097
11.7255509068454,0.553143768309092
9.02057811033789,0.531584574291253
9.90990612089579,0.560696007983813
7.49117578383501,0.376230896807495
10.1891139270492,0.380647711791231
13.400636879256,0.337152029204458
10.7257321845803,0.489952694933133
12.9751093322112,0.235432868630581
14.0147122817434,0.272727792789767
9.62260027391493,0.256970710330304
11.9624557412951,0.321699519694979
11.2367672166946,0.520144862871784
14.0147122817434,0.513139954511503
14.8884275583569,0.430938771452388
14.1144628656835,0.309307637180294
10.5941223916204,0.394572660005216
9.62260027391493,0.417820476771557
9.47568120954043,0.448256531699657
10.8557465216379,0.331379347362145
13.189589283835,0.409165148796875
9.17478779544341,0.469044654386589
12.6465709677645,0.20462909132252
6.48754239992045,0.34662295572148
9.17478779544341,0.32248711067092
13.6084001173249,0.478092408000089
11.9624557412951,0.229182269810463
11.3609347823536,0.406298186200362
13.295531848067,0.411107353479622
12.0791659070133,0.231173664022218
8.37539389269942,0.432379008308272
12.4227192654943,0.167842930903956
12.0791659070133,0.350144123602327
10.1891139270492,0
9.17478779544341,0.442024255709766
13.400636879256,0.724548429281667
8.54126012392649,0.393801521579872
12.1947591471035,0.513308577942322
9.32644802366514,0.063346989600872
10.8557465216379,0.494769309748206
15.8911885950789,0.512729976125679
10.7257321845803,0.157807898153334
11.4837598710354,0.286171337155607
13.8130502441217,0.422151215671038
10.0504796388868,0.395746758768816
13.9142466089019,0.472429853447127
12.3092669279114,0.358585200437778
12.5351448175118,0.382506080281154
10.7257321845803,0.368636515224775
11.7255509068454,0.402842914236871
12.0791659070133,0.39997913371729
10.1891139270492,0.349762174229168
11.4837598710354,0.406816863251656
6.70030656294737,0.495966101953748
10.1891139270492,0.383162531465424
11.3609347823536,0.297808707139719
11.7255509068454,0.373027287302425
10.3258870933735,0.466134542794742
10.9842220566029,0.477358235672742
10.9842220566029,0.523120262033749
14.4095720591172,0.282015233719864
10.1891139270492,0.328681761620181
10.9842220566029,0.284000747500787
10.5941223916204,0.368057108007894
13.189589283835,0.332432342088582
10.3258870933735,0.469703686866691
11.7255509068454,0.458305122566261
12.3092669279114,0.501753775991486
8.54126012392649,0.393801521579872
14.4095720591172,0.733435822976445
9.90990612089579,0.402676584975998
10.4608569248376,0.472074415289557
10.7257321845803,0.473865424003146
8.37539389269942,0.330769482728116
14.2135134162342,0.310799337891611
13.5049121473077,0.203809455736743
13.189589283835,0.347635177764717
5.80265626765203,0.344706095571096
9.17478779544341,0.647112366125047
8.03339402522038,0.341130813160199
13.189589283835,0.307259449664887
8.86368590361803,0.346073885409571
13.189589283835,0.515264083770053
15.3523543273985,0.423501213535793
9.47568120954043,0
10.8557465216379,0.335366531950355
11.9624557412951,0.467631877561468
11.8445956332723,0.421662238126917
11.8445956332723,0.435811439664276
9.90990612089579,0.35032237882205
13.5049121473077,0.276331751920171
9.17478779544341,0.32248711067092
10.3258870933735,0.478152436455028
7.67617198029241,0
12.9751093322112,0.407392536155081
8.70396611616147,0.209058388514878
13.400636879256,0.321315401164731
12.1947591471035,0.228070094628542
11.1112121676923,0.492042770407579
12.1947591471035,0.369525288615479
12.9751093322112,0.148159439497438
12.3092669279114,0.358585200437778
10.5941223916204,0.401873395088041
11.8445956332723,0.477824329681913
11.6052851073256,0.241921436328603
7.85681347097768,0.303397773895955
10.7257321845803,0.41081681256119
12.0791659070133,0.472915106478597
9.17478779544341,0.32248711067092
10.7257321845803,0.526707835898512
12.3092669279114,0.400011168452846
14.6987574939864,0.664640935254167
10.3258870933735,0.251530137864247
13.9142466089019,0.51082622977581
10.0504796388868,0.478203705173939
8.86368590361803,0.246129136161442
9.47568120954043,0.433156836988022
10.0504796388868,0.3827803808038
14.3118784679084,0.702012915270991
12.6465709677645,0.523404525710301
8.37539389269942,0.334120160708063
11.6052851073256,0.406460580029133
10.8557465216379,0.222943185123707
10.1891139270492,0.396929935341174
11.4837598710354,0.328437757301322
12.4227192654943,0.227537835509353
10.3258870933735,0.263546524388147
8.54126012392649,0.393801521579872
10.0504796388868,0.483142066728374
13.7111070085504,0.575072131720261
15.1684864142923,0.381329829249007
14.8884275583569,0.70003391652963
11.1112121676923,0.305088619553427
7.85681347097768,0.303397773895955
5.02524773721565,0
10.1891139270492,0.189464230431727
13.400636879256,0.391851715555292
12.9751093322112,0.410244836488409
11.8445956332723,0.408374118264806
10.7257321845803,0.285092838774119
11.8445956332723,0.369371032956629
7.85681347097768,0.303397773895955
11.9624557412951,0.115085872930717
13.6084001173249,0.239501497764089
14.0147122817434,0.317109257466096
12.5351448175118,0.616560088714247
6.26755971204547,0.139684679831409
9.47568120954043,0.182503131469323
9.32644802366514,0.350118889923557
11.9624557412951,0.215055047281134
10.1891139270492,0.343924452637116
11.2367672166946,0.354258852000961
10.1891139270492,0.569744511050556
9.32644802366514,0.287009915970237
12.3092669279114,0.545452224208392
11.7255509068454,0.374541735912748
9.76730964381993,0.485502510191351
9.62260027391493,0.444226498191465
9.62260027391493,0.256970710330304
14.7938964953027,0.758581529578909
10.7257321845803,0.460033471284413
14.8884275583569,0.276897756607587
11.9624557412951,0.186064836020365
14.1144628656835,0.3647295905766
12.7570239040857,0.399259052138318
8.54126012392649,0.41548821635995
12.866528690215,0.353231902365411
7.49117578383501,0.447200246438107
9.47568120954043,0.530297133156573
11.9624557412951,0.115085872930717
9.62260027391493,0.220353123961827
11.8445956332723,0.382070671435854
15.3523543273985,0.709262673675978
9.32644802366514,0.180375525222063
14.9823621904942,0.718995861882324
13.8130502441217,0.28023112479487
10.1891139270492,0.448574681374201
14.3118784679084,0.68751542309925
13.7111070085504,0.44591987440181
14.4095720591172,0.215224790738913
13.400636879256,0.344061976245208
12.1947591471035,0.295547319025229
9.62260027391493,0.319703964292906
9.62260027391493,0.376515262825379
13.9142466089019,0.565322711299133
14.0147122817434,0.421936953959751
10.4608569248376,0.295327943913826
10.5941223916204,0.536414002869341
14.4095720591172,0.496676097801145
7.67617198029241,0.241282917485975
12.0791659070133,0.293954920947007
13.7111070085504,0.373838366314999
11.7255509068454,0.510941103801435
11.8445956332723,0.367644830390368
13.7111070085504,0.471499259092662
7.85681347097768,0.277129541339669
12.3092669279114,0.496212200750068
11.7255509068454,0.460556224945564
9.62260027391493,0.380561762158475
7.49117578383501,0.27661978285235
9.32644802366514,0.42917972380845
11.1112121676923,0.305088619553427
10.1891139270492,0.349762174229168
10.3258870933735,0.26844911696914
11.7255509068454,0.407269304998092
9.32644802366514,0.180375525222063
13.9142466089019,0.738671180483346
15.5340460501252,0.431429714803306
11.3609347823536,0.223083358266612
10.4608569248376,0.508337564661532
9.47568120954043,0.329340172814561
12.0791659070133,0.426756446524444
8.37539389269942,0.35776589015053
10.7257321845803,0.500191704257833
10.4608569248376,0.381116345203835
8.20617579699318,0.31238819844136
15.2606972890259,0.639688943271372
12.1947591471035,0.198252219283087
13.5049121473077,0.443150474646654
8.86368590361803,0.132918958022423
12.6465709677645,0.429808862687001
14.4095720591172,0.298419971212407
4.10309759575137,0.577350269189626
9.47568120954043,0.597738168056469
10.4608569248376,0.487252990842436
10.3258870933735,0.276263765100799
8.20617579699318,0.459519980500337
12.3092669279114,0.6411686649064
5.29707621873625,0.436625679152809
8.70396611616147,0.416917217901977
13.189589283835,0.443052668370108
8.03339402522038,0.089078796164435
10.5941223916204,0.360093232810066
12.4227192654943,0.334078580163147
12.7570239040857,0.317149141634695
11.9624557412951,0.407140211557198
13.6084001173249,0.238124803808667
11.2367672166946,0.307615355451725
10.7257321845803,0.49336691779914
14.4095720591172,0.44939168086095
8.70396611616147,0.464293611434539
11.9624557412951,0.588755749192455
7.30149388670606,0.37286265556994
8.54126012392649,0.393801521579872
13.295531848067,0.328238328026742
10.9842220566029,0.444276756062396
12.5351448175118,0.239253939810716
10.1891139270492,0.349762174229168
13.6084001173249,0.495107906790692
8.03339402522038,0.089078796164435
11.7255509068454,0.564495706827876
10.9842220566029,0.503770533968172
10.0504796388868,0.395746758768816
13.189589283835,0.561795793640078
6.90651936102302,0.456479562502295
12.866528690215,0.471432792259368
13.400636879256,0.498615438012522
12.6465709677645,0.193473817145548
13.189589283835,0.345474374706428
9.47568120954043,0.410383935476477
10.4608569248376,0.398678393559589
13.5049121473077,0.283216569398713
13.5049121473077,0.520963374826329
9.47568120954043,0.441932533641107
12.6465709677645,0.51815841976447
10.0504796388868,0.478203705173939
11.3609347823536,0.364665467524216
10.5941223916204,0.207108861976515
11.1112121676923,0.551733480032981
10.9842220566029,0.44414810221899
12.866528690215,0.431273433473181
10.3258870933735,0.26844911696914
12.5351448175118,0.514686332764634
9.17478779544341,0.364109012602782
10.1891139270492,0.234032032778447
10.0504796388868,0.342258850765625
10.0504796388868,0.395746758768816
12.3092669279114,0.130367058243833
8.70396611616147,0.235340092130018
14.0147122817434,0.514224563452977
9.32644802366514,0.180375525222063
8.86368590361803,0.354949038236128
10.9842220566029,0.553246968724503
14.2135134162342,0.44732614453798
14.6029986722012,0.517625478440603
10.0504796388868,0.198005365427037
9.76730964381993,0.306884069173201
11.3609347823536,0.364665467524216
7.67617198029241,0
15.6240996007489,0.692704382213219
10.0504796388868,0.395746758768816
13.7111070085504,0.369920309486579
14.0147122817434,0.702094972738285
8.54126012392649,0.291001996315185
9.02057811033789,0.237761717313526
12.3092669279114,0.252638956582854
11.7255509068454,0.285943309391916
14.6987574939864,0.50879577479325
12.1947591471035,0.308365873714089
11.9624557412951,0.448997156304896
12.0791659070133,0.292601941443996
14.9823621904942,0.454557885094493
9.90990612089579,0.435974785430658
13.400636879256,0.322612941483073
11.3609347823536,0.309377447933799
11.4837598710354,0.403685617475447
11.3609347823536,0.442770745948175
9.32644802366514,0.489355582246609
10.5941223916204,0.406014731314549
9.32644802366514,0.571026837042254
10.9842220566029,0.314886013371651
8.54126012392649,0.272957558399247
12.1947591471035,0.243579828677012
12.3092669279114,0.409041953010246
9.62260027391493,0.220353123961827
11.2367672166946,0.360542465038503
10.7257321845803,0.272455300110718
12.5351448175118,0.40555266562671
12.7570239040857,0.270354547677224
10.5941223916204,0.338678519500468
14.7938964953027,0.619711236810847
10.1891139270492,0.354331286782513
11.2367672166946,0.515981812940395
9.76730964381993,0.335966775231998
14.3118784679084,0.556706845760451
11.8445956332723,0.160468065358812
14.0147122817434,0.279173153938726
12.1947591471035,0.309264797190783
9.62260027391493,0.417820476771557
13.5049121473077,0.392499312974975
11.4837598710354,0.435056264487207
11.6052851073256,0.454844282346483
9.90990612089579,0.470406504640606
5.80265626765203,0.344706095571096
10.3258870933735,0.229145241011306
8.54126012392649,0.473768012320256
9.90990612089579,0.409140083512994
15.4434673904762,0.54208558852524
10.7257321845803,0.383337170842532
14.0147122817434,0.422247639940133
7.85681347097768,0.303397773895955
7.67617198029241,0.487060934200073
9.47568120954043,0.451696526859977
15.5340460501252,0.268880320931315
11.8445956332723,0.373280274465806
5.29707621873625,0.436625679152809
10.4608569248376,0.282222730916431
8.20617579699318,0.426225129342446
11.3609347823536,0.3744077922626
12.9751093322112,0.424918862897431
10.0504796388868,0.395746758768816
14.2135134162342,0.369511792010954
12.0791659070133,0.320397549391563
12.4227192654943,0.370551496036588
10.5941223916204,0.43767027846327
9.76730964381993,0.353400978634792
10.0504796388868,0.238857991485774
9.17478779544341,0.469044654386589
13.400636879256,0.240276310820419
9.17478779544341,0.32248711067092
13.295531848067,0.287690932066516
11.1112121676923,0.362485501737617
14.0147122817434,0.378407321093524
12.1947591471035,0.384586852554363
11.7255509068454,0.398438362750299
8.20617579699318,0.426225129342446
9.62260027391493,0.109931361306633
15.3523543273985,0.60738514655507
12.6465709677645,0.366616169285466
12.0791659070133,0.467402668097063
10.4608569248376,0.219582256686692
13.7111070085504,0.474143622669469
15.6240996007489,0.411992896315662
7.10675110939562,0.449749626632168
14.5066077555575,0.588457700878224
14.7938964953027,0.677405510640821
14.7938964953027,0.508327532120305
12.3092669279114,0.252638956582854
11.4837598710354,0.286171337155607
14.8884275583569,0.48977959795844
14.9823621904942,0.391671830564177
12.5351448175118,0.338977040230843
7.85681347097768,0.319160741312283
12.0791659070133,0.376854208361641
11.3609347823536,0.325679153133293
7.67617198029241,0.241282917485975
12.9751093322112,0.40031416435813
9.90990612089579,0.225129552276526
10.7257321845803,0.094394595749445
8.86368590361803,0.329233334066221
7.67617198029241,0
14.9823621904942,0.602693394561
10.4608569248376,0.202151050068889
11.3609347823536,0.463502381597715
9.47568120954043,0
10.7257321845803,0.29873535980376
14.0147122817434,0.431462956963182
12.866528690215,0.244088998630288
14.0147122817434,0.388882106381467
14.1144628656835,0.385753079626952
9.90990612089579,0.318210546465928
11.6052851073256,0.36086479578333
10.9842220566029,0.428618428138782
12.5351448175118,0.415566216028468
10.7257321845803,0.346051404458415
10.3258870933735,0.37015655975263
10.0504796388868,0.323766373527226
14.9823621904942,0.338289887131872
11.2367672166946,0.432856351389959
9.47568120954043,0.422271812370025
11.3609347823536,0.467328761532179
13.295531848067,0.419978871563472
14.0147122817434,0.652015668478249
7.67617198029241,0.321967465500245
9.02057811033789,0.427329936310987
7.67617198029241,0.292036509192294
13.400636879256,0.492970979838298
6.03956977750446,0.370583047997724
13.400636879256,0.282819935947252
13.5049121473077,0.313951913952544
13.189589283835,0.301445947907527
12.6465709677645,0.513408460456954
9.17478779544341,0.32248711067092
8.70396611616147,0.209058388514878
8.54126012392649,0.393801521579872
10.8557465216379,0.197061406339977
11.7255509068454,0.444514997370955
10.0504796388868,0.365625714855487
11.7255509068454,0.433245620717473
11.9624557412951,0.442656390143238
10.5941223916204,0.228072966008095
10.3258870933735,0.309188803111936
8.37539389269942,0.388061170180586
14.8884275583569,0.444263886060213
11.7255509068454,0.407269304998092
11.4837598710354,0.346907276672453
12.9751093322112,0.682809887188438
10.7257321845803,0.463620125391781
11.8445956332723,0.323907904387006
15.5340460501252,0.666754620051755
10.3258870933735,0.480432061599822
13.7111070085504,0.481126147168772
9.02057811033789,0.372599392220343
14.6029986722012,0.713440341529203
10.8557465216379,0.365988670337292
10.9842220566029,0.533904919322456
9.76730964381993,0.341243205388402
11.8445956332723,0.326398209611711
10.1891139270492,0.346609419604175
15.2606972890259,0.759206211686043
11.4837598710354,0.385541351892325
9.17478779544341,0.202324116951378
8.70396611616147,0.416917217901977
9.76730964381993,0.335966775231998
9.32644802366514,0.227231431410127
10.5941223916204,0.438361557597647
10.9842220566029,0.309097275208187
12.9751093322112,0.484971112974691
13.295531848067,0.147010786205122
14.7938964953027,0.354769063320351
10.4608569248376,0.296655325185522
6.70030656294737,0.415689320247501
12.5351448175118,0.212272095678591
13.9142466089019,0.466566462635489
8.03339402522038,0.089078796164435
8.03339402522038,0.440745575568687
11.9624557412951,0.139473428354661
12.9751093322112,0.348427152998099
14.0147122817434,0.364835901721161
7.67617198029241,0.357817795253513
8.70396611616147,0.489572697939562
10.3258870933735,0.420649563383629
13.5049121473077,0.373630263979246
9.47568120954043,0.304047000470237
10.8557465216379,0.175465283338396
9.76730964381993,0.061903189780223
10.8557465216379,0.209652246350737
11.3609347823536,0.454714683854351
11.7255509068454,0.269376604555642
10.8557465216379,0.207114482297937
14.2135134162342,0.522089319681769
11.8445956332723,0.369371032956629
12.5351448175118,0.350675744490016
11.4837598710354,0.470788447583965
11.6052851073256,0.30892583990587
15.8026672314373,0.734931009848841
13.6084001173249,0.406972061151863
14.1144628656835,0.552733709787246
10.9842220566029,0.510820538242201
13.0827888399051,0.533675283612348
10.3258870933735,0.345071980368859
11.7255509068454,0.330036426762224
9.32644802366514,0.233728169849402
7.10675110939562,0.422687587085572
13.0827888399051,0.326027310751757
14.4095720591172,0.531541021034208
11.2367672166946,0.357469218284982
11.6052851073256,0.483373713695834
14.0147122817434,0.526617713510881
13.6084001173249,0.283854826575949
12.5351448175118,0.359394407607598
10.9842220566029,0.398510984647306
11.1112121676923,0.301524280814799
12.7570239040857,0.384452530830871
7.85681347097768,0.303397773895955
10.8557465216379,0.433644223667837
11.6052851073256,0.339212397864993
11.3609347823536,0.443956712866561
10.0504796388868,0.395746758768816
13.295531848067,0.343798704441141
10.8557465216379,0.207964150070525
13.400636879256,0.352886238197726
9.02057811033789,0.266073376487712
14.2135134162342,0.408569309958904
12.5351448175118,0.363840231302387
12.5351448175118,0.445405177267526
10.9842220566029,0.356257370960222
10.5941223916204,0.220789330716583
11.4837598710354,0.186373270444494
10.7257321845803,0.564958758086229
12.5351448175118,0.456156709511079
7.10675110939562,0.293412565423775
11.6052851073256,0.419555233151072
7.49117578383501,0.191533881193223
11.1112121676923,0.328927193705745
8.70396611616147,0.074158894981371
11.2367672166946,0.202494358722392
13.5049121473077,0.418184277314646
11.9624557412951,0.245301072958325
11.6052851073256,0.339212397864993
10.9842220566029,0.43366344885693
10.0504796388868,0.485479839970104
7.85681347097768,0.303397773895955
10.3258870933735,0.37015655975263
11.3609347823536,0.364665467524216
7.49117578383501,0.191533881193223
13.400636879256,0.368721207639784
10.0504796388868,0.365625714855487
7.67617198029241,0.392255770607133
11.9624557412951,0.470290334679969
10.9842220566029,0.392170676334854
12.5351448175118,0.453739150369896
11.6052851073256,0.394724132984844
14.3118784679084,0.676726909213034
7.85681347097768,0.303397773895955
9.62260027391493,0.256970710330304
8.37539389269942,0.388061170180586
14.1144628656835,0.465635159027931
9.02057811033789,0.266073376487712
11.7255509068454,0.449261906274023
10.5941223916204,0.371297084526784
15.8911885950789,0.555582878479337
13.7111070085504,0.387753712008629
4.73784900283672,0.431325959355937
10.4608569248376,0.355859514561183
13.5049121473077,0.185901259427571
11.1112121676923,0.305088619553427
9.47568120954043,0.182503131469323
11.7255509068454,0.130367672099145
14.0147122817434,0.563529569930688
6.70030656294737,0
8.37539389269942,0.487947493736863
10.0504796388868,0.436918879345438
11.1112121676923,0.521219165945095
12.1947591471035,0.230443167880338
12.0791659070133,0.361747090963285
11.7255509068454,0.381243119387021
11.9624557412951,0.341897395857528
11.3609347823536,0.418252362786648
13.7111070085504,0.473109042436124
12.7570239040857,0.240780865342485
13.295531848067,0.692121025401307
15.7136370704185,0.717529992948129
10.1891139270492,0.396929935341174
12.866528690215,0.54754739411168
11.1112121676923,0.32983866193291
9.62260027391493,0.256970710330304
11.6052851073256,0.339212397864993
11.1112121676923,0.309263019451524
13.189589283835,0.285893268139036
14.1144628656835,0.461645209583924
12.3092669279114,0.424164348477139
15.0757115405496,0.474685380753887
10.0504796388868,0.436918879345438
10.4608569248376,0.385205655840739
10.7257321845803,0.306631964921342
14.7938964953027,0.458326392439502
9.32644802366514,0.305320059909353
14.2135134162342,0.52442869846487
12.0791659070133,0.507793274781527
10.0504796388868,0.217692772591673
13.5049121473077,0.480922148684017
9.17478779544341,0.311991535187051
14.3118784679084,0.509843595910596
14.2135134162342,0.434250412053742
7.49117578383501,0.5505079536904
12.4227192654943,0.514018902783191
11.9624557412951,0.309797107642515
15.1684864142923,0.632532226826315
11.3609347823536,0.293945867425638
10.9842220566029,0.242444566041182
10.8557465216379,0.594009643331751
12.9751093322112,0.410244836488409
6.03956977750446,0.291371656118758
9.90990612089579,0.248732308567502
8.54126012392649,0.240508202963926
13.5049121473077,0.577123292436332
9.17478779544341,0.32248711067092
10.9842220566029,0.480298146714822
10.8557465216379,0.426263724081971
10.3258870933735,0.37015655975263
8.54126012392649,0.410984307711083
11.2367672166946,0.354258852000961
10.8557465216379,0.479299013840131
11.8445956332723,0.230201317886687
9.90990612089579,0.338600928353883
8.03339402522038,0.271124081249713
9.62260027391493,0.335123623376905
11.2367672166946,0
11.7255509068454,0.362168173095816
10.3258870933735,0.37015655975263
10.3258870933735,0.37015655975263
8.86368590361803,0.354949038236128
12.3092669279114,0.262931726806179
11.1112121676923,0.445480622760424
11.3609347823536,0.364665467524216
14.2135134162342,0.377471657788215
11.3609347823536,0.446049434130112
8.37539389269942,0.388061170180586
11.3609347823536,0.426265603629902
10.9842220566029,0.436442483267615
11.3609347823536,0.316221164391293
7.85681347097768,0.303397773895955
11.6052851073256,0.30892583990587
15.1684864142923,0.365266001558879
9.76730964381993,0.542440414454888
11.1112121676923,0.217594011636834
9.76730964381993,0.4479396335757
12.6465709677645,0.328778024161944
15.0757115405496,0.638937279431101
13.9142466089019,0.556040513367348
9.62260027391493,0.468315695304735
9.62260027391493,0.256970710330304
10.0504796388868,0.395746758768816
13.6084001173249,0.346986634221045
9.76730964381993,0.335966775231998
11.1112121676923,0.369703965176587
9.02057811033789,0.266073376487712
9.76730964381993,0.565818223188075
13.189589283835,0.309866584862726
15.2606972890259,0.392453831225026
12.3092669279114,0.466565546071105
11.3609347823536,0.399465044739753
15.5340460501252,0.745991603518387
10.4608569248376,0.189721324216722
10.4608569248376,0.487512024767215
14.4095720591172,0.462881572752363
13.8130502441217,0.314834013828419
8.86368590361803,0.354949038236128
13.0827888399051,0.305349352292079
8.54126012392649,0.469897915786878
14.0147122817434,0.385759136745842
9.47568120954043,0.182503131469323
9.02057811033789,0.266073376487712
9.62260027391493,0.392971846071284
11.6052851073256,0.348796109026882
10.4608569248376,0.385205655840739
9.17478779544341,0.241520208702279
10.4608569248376,0.426930972552981
15.2606972890259,0.682770190369906
12.5351448175118,0.365355075108408
9.47568120954043,0.465897431278738
11.6052851073256,0.270199629989494
9.76730964381993,0.335966775231998
14.7938964953027,0.334726432733084
13.5049121473077,0.369608855319946
14.0147122817434,0.364960327510193
11.4837598710354,0.657645825663476
11.1112121676923,0.290860480601884
15.2606972890259,0.675431840568115
11.3609347823536,0.499923763055134
8.54126012392649,0.410984307711083
9.62260027391493,0.574012066388219
11.8445956332723,0.319086650624085
9.76730964381993,0.306884069173201
10.7257321845803,0.402192030458167
12.9751093322112,0.415412207691944
12.3092669279114,0.189151762810124
10.0504796388868,0.3827803808038
6.70030656294737,0.361651361464602
10.7257321845803,0.094394595749445
7.30149388670606,0.277331849594773
11.9624557412951,0.576916467696609
10.8557465216379,0.222943185123707
10.3258870933735,0.276263765100799
10.0504796388868,0.395746758768816
11.7255509068454,0.514154844815616
15.4434673904762,0.7216409269515
10.7257321845803,0.479006419386846
10.5941223916204,0.50429140169761
11.9624557412951,0.491547601105366
9.47568120954043,0.337414580664475
7.30149388670606,0.316104472322107
14.2135134162342,0.21728677493318
9.02057811033789,0.351917028718717
10.8557465216379,0.418775942948898
11.9624557412951,0.442656390143238
9.02057811033789,0.246067223743793
10.5941223916204,0.207108861976515
11.6052851073256,0.344485294466784
10.3258870933735,0.343954927673117
9.47568120954043,0.387621591974835
9.32644802366514,0.16150317649242
13.7111070085504,0.409407944585426
12.7570239040857,0.323400322237618
14.6029986722012,0.718654224030456
11.9624557412951,0.448148386611704
10.0504796388868,0.217692772591673
9.76730964381993,0.322471677437617
14.7938964953027,0.305095292544131
13.400636879256,0.455231413691937
11.3609347823536,0.322830609787709
14.1144628656835,0.503840817278083
8.37539389269942,0.35776589015053
11.7255509068454,0.296390273018343
10.0504796388868,0.346140581580716
12.4227192654943,0.342802584026499
9.62260027391493,0.295578402807957
9.90990612089579,0.398992485480382
12.6465709677645,0.482100817750734
12.0791659070133,0.399025266994274
15.2606972890259,0.459536897055683
10.7257321845803,0.479298986235487
10.1891139270492,0.440343363563112
12.6465709677645,0.535698944511465
12.3092669279114,0.262931726806179
12.9751093322112,0.307969617385285
8.20617579699318,0.31238819844136
10.9842220566029,0.372885716260963
15.0757115405496,0.374284904323962
12.0791659070133,0.292601941443996
10.5941223916204,0.228072966008095
10.7257321845803,0.52312438100094
9.02057811033789,0.266073376487712
12.6465709677645,0.515528892129726
12.5351448175118,0.328641558636323
9.17478779544341,0.424915874113921
13.0827888399051,0.389624689339392
12.6465709677645,0.417857493719415
15.2606972890259,0.591976098404869
14.7938964953027,0.305095292544131
9.32644802366514,0.319170375639891
13.5049121473077,0.259276853723818
14.1144628656835,0.523191187076496
11.1112121676923,0.503515883962551
13.7111070085504,0.184332565282578
11.7255509068454,0.34996204955233
11.4837598710354,0.365640064588866
10.4608569248376,0.264019563317207
13.9142466089019,0.686080642630445
11.1112121676923,0.213715570320374
14.8884275583569,0.476310194255415
11.4837598710354,0.46625599591284
9.02057811033789,0.338799167857314
13.7111070085504,0.502210433588535
13.7111070085504,0.650093725191767
11.2367672166946,0.356764685557985
14.6987574939864,0.677700230693096
9.62260027391493,0.518507175656403
14.1144628656835,0.543863611079309
11.6052851073256,0.355852072320478
12.3092669279114,0.358585200437778
10.0504796388868,0.395746758768816
12.3092669279114,0.239702341903321
9.17478779544341,0.292352673102343
12.7570239040857,0.49408689162036
13.0827888399051,0.280888127795961
10.8557465216379,0.331379347362145
7.49117578383501,0.352392038312978
10.0504796388868,0.54249383900903
12.1947591471035,0.309264797190783
8.03339402522038,0.089078796164435
6.48754239992045,0.336176210288287
